,WaveformDecomposition.stop_methode,WaveformDecomposition.stop_region,WaveformDecomposition.threshold,WaveformDecomposition.fwhm,WaveformDecomposition.search_range,WaveformDecomposition.search_edge,MipTimeRetrieval.pe_hit_time,MipTimeRetrieval.window_length,MipTimeRetrieval.window_threshold,SystematicsStudy.threshold_tres,SystematicsStudy.range_time,MPV_1,MPV_2,MPV_3,MPV_4,TRes,TRes_shift
0,2.0,3.0,0.5,4.0,1000.0,200.0,1.0,4.0,1.0,0.4,4.0,6.4149618208878785,3.6373685348265115,5.569948141099479,4.373379429919411,0.9940210248616552,-0.1729016678794581
1,2.0,3.0,0.5,4.0,1000.0,200.0,1.0,4.0,1.0,0.4,6.0,6.4149618208878785,3.6373685348265115,5.569948141099479,4.373379429919411,0.9940210248616552,-0.1729016678794581
2,2.0,3.0,0.5,4.0,1000.0,200.0,1.0,4.0,1.0,0.5,4.0,6.4149618208878785,3.6373685348265115,5.569948141099479,4.373379429919411,0.9940210248616552,-0.1729016678794581
3,2.0,3.0,0.5,4.0,1000.0,200.0,1.0,4.0,1.0,0.5,6.0,6.4149618208878785,3.6373685348265115,5.569948141099479,4.373379429919411,0.9940210248616552,-0.1729016678794581
4,2.0,3.0,0.5,4.0,1000.0,200.0,1.0,4.0,1.0,0.6,4.0,6.4149618208878785,3.6373685348265115,5.569948141099479,4.373379429919411,0.9940210248616552,-0.1729016678794581
