,WaveformDecomposition.stop_methode,WaveformDecomposition.stop_region,WaveformDecomposition.threshold,WaveformDecomposition.fwhm,WaveformDecomposition.search_range,WaveformDecomposition.search_edge,MipTimeRetrieval.pe_hit_time,MipTimeRetrieval.window_length,MipTimeRetrieval.window_threshold,SystematicsStudy.threshold_tres,SystematicsStudy.range_time,MPV_1,MPV_2,MPV_3,MPV_4,TRes,TRes_shift
0,2.0,3.0,0.5,4.0,1000.0,200.0,1.0,4.0,1.0,0.4,4.0,16.500000000844416,13.500000001752403,15.500000000912172,15.500000001169788,0.9656536106863115,-0.29104854314477074
1,2.0,3.0,0.5,4.0,1000.0,200.0,1.0,4.0,1.0,0.4,6.0,16.500000000844416,13.500000001752403,15.500000000912172,15.500000001169788,0.9656536106863115,-0.29104854314477074
2,2.0,3.0,0.5,4.0,1000.0,200.0,1.0,4.0,1.0,0.6000000000000001,4.0,16.500000000844416,13.500000001752403,15.500000000912172,15.500000001169788,0.9656536106863115,-0.29104854314477074
3,2.0,3.0,0.5,4.0,1000.0,200.0,1.0,4.0,1.0,0.6000000000000001,6.0,16.500000000844416,13.500000001752403,15.500000000912172,15.500000001169788,0.9656536106863115,-0.29104854314477074
4,2.0,3.0,0.5,4.0,1000.0,200.0,1.0,4.0,2.0,0.4,4.0,16.500000000844416,13.500000001752403,15.500000000912172,15.500000001169788,0.9656536106863115,-0.29104854314477074
5,2.0,3.0,0.5,4.0,1000.0,200.0,1.0,4.0,2.0,0.4,6.0,16.500000000844416,13.500000001752403,15.500000000912172,15.500000001169788,0.9656536106863115,-0.29104854314477074
